make,model,year,mileage,fuel_type,transmission,price
Hyundai,Model D,2006,89555,Diesel,Manual,5000.0
Hyundai,Model C,2019,78698,Petrol,Automatic,21801.915989577792
Ford,Model A,2014,129450,Diesel,Manual,18188.457821301923
Mercedes,Model B,2010,141487,Electric,Manual,31242.87356390527
Ford,Model E,2007,172231,Petrol,Automatic,15066.550735914718
Audi,Model A,2020,48925,Electric,Automatic,32522.28243794183
Hyundai,Model D,2006,142023,Electric,Manual,5000.0
Toyota,Model E,2018,92388,Petrol,Manual,9837.651383801498
Toyota,Model B,2022,13007,Petrol,Automatic,17204.761459679925
Mercedes,Model B,2010,177904,Hybrid,Manual,24322.011786198735
Audi,Model C,2010,63596,Hybrid,Automatic,37435.61533547662
BMW,Model E,2020,126101,Hybrid,Manual,25900.67799815084
Audi,Model C,2003,166595,Electric,Automatic,25432.774841784398
Toyota,Model A,2007,93861,Electric,Manual,5455.193167931596
Toyota,Model E,2002,91740,Hybrid,Manual,5000.0
Hyundai,Model A,2021,20524,Electric,Automatic,19324.08679195711
Audi,Model C,2020,155354,Electric,Manual,22171.025122901116
Audi,Model E,2001,160002,Petrol,Manual,20656.72976957266
Toyota,Model C,2011,136149,Petrol,Automatic,5000.0
BMW,Model E,2005,130501,Electric,Manual,30411.329996154043
Mercedes,Model C,2001,25611,Hybrid,Manual,37276.263610873604
Honda,Model B,2020,153056,Diesel,Manual,12875.968956357403
Mercedes,Model C,2000,19060,Hybrid,Automatic,39865.53338827334
Audi,Model B,2011,48303,Diesel,Automatic,27853.270112671322
Mercedes,Model C,2021,195279,Hybrid,Automatic,37953.44689335047
Toyota,Model E,2011,165359,Petrol,Manual,6731.102168593567
Toyota,Model E,2016,44711,Electric,Manual,16584.55040666835
Audi,Model E,2009,148026,Electric,Manual,32960.467500533836
Audi,Model D,2015,78340,Petrol,Manual,35745.46051389901
Honda,Model A,2014,107974,Diesel,Automatic,14044.918314125116
Honda,Model E,2014,154646,Diesel,Manual,5000.0
Hyundai,Model B,2018,145256,Diesel,Manual,5000.0
Audi,Model E,2011,155168,Petrol,Manual,25628.05533202138
BMW,Model D,2022,72728,Diesel,Automatic,31830.461871383253
Mercedes,Model B,2019,170088,Petrol,Manual,28844.581376630376
Audi,Model D,2002,16246,Hybrid,Manual,40746.0833778921
Ford,Model B,2004,181630,Hybrid,Manual,14000.470276267864
Hyundai,Model C,2018,154453,Petrol,Manual,10787.941601962415
Ford,Model A,2006,132796,Electric,Manual,11220.384306418724
Toyota,Model A,2020,172527,Hybrid,Automatic,9812.605150494242
Honda,Model D,2008,97263,Diesel,Manual,5000.0
Mercedes,Model A,2006,140090,Petrol,Manual,29882.902592594313
Audi,Model D,2017,16302,Diesel,Manual,36973.66270071376
Ford,Model D,2003,72506,Diesel,Manual,5000.0
Mercedes,Model D,2013,46157,Electric,Manual,40363.03208622449
Toyota,Model A,2017,59917,Diesel,Manual,12727.854755876257
Honda,Model D,2008,101646,Electric,Manual,5000.0
BMW,Model A,2020,88122,Hybrid,Manual,24791.97494610249
Hyundai,Model D,2001,29519,Petrol,Manual,5000.0
Mercedes,Model E,2019,192891,Diesel,Manual,42293.88828670095
Mercedes,Model D,2014,85910,Petrol,Automatic,39987.26562266879
BMW,Model B,2006,125430,Diesel,Automatic,14051.092154500544
Mercedes,Model D,2011,76324,Petrol,Automatic,38613.98144708819
Toyota,Model C,2007,10408,Diesel,Automatic,5000.0
Toyota,Model D,2014,64379,Diesel,Manual,17194.505269435365
BMW,Model B,2002,30053,Diesel,Automatic,21141.726740910606
Hyundai,Model B,2013,145518,Diesel,Automatic,5755.919056304146
Audi,Model A,2016,136994,Diesel,Manual,35779.283237710944
Ford,Model E,2003,103723,Diesel,Automatic,5000.0
Audi,Model D,2017,56356,Diesel,Automatic,27696.609074435048
Mercedes,Model A,2007,15789,Diesel,Manual,32792.553368269975
Ford,Model E,2003,102720,Diesel,Manual,14555.894255096584
BMW,Model D,2001,71656,Petrol,Manual,12820.469622615787
BMW,Model C,2005,49028,Electric,Automatic,11387.822009447156
Hyundai,Model D,2021,69484,Diesel,Automatic,11770.005707955006
Ford,Model B,2009,37154,Electric,Manual,19901.0039995546
Toyota,Model B,2003,7336,Diesel,Manual,15134.508748694148
Ford,Model C,2021,108677,Diesel,Automatic,16750.343189573003
Mercedes,Model A,2017,72779,Petrol,Manual,36303.916964419994
Toyota,Model E,2011,24029,Hybrid,Automatic,19568.053671278736
Honda,Model D,2001,64201,Hybrid,Manual,5000.0
Honda,Model B,2009,37265,Petrol,Manual,11194.146124084953
Honda,Model A,2003,107916,Electric,Automatic,9556.31944962529
BMW,Model C,2013,179944,Hybrid,Manual,23248.893606425172
Ford,Model B,2015,51197,Petrol,Manual,15891.116534045586
Honda,Model C,2014,130733,Petrol,Manual,11135.555058529204
Audi,Model D,2007,191252,Hybrid,Automatic,10995.76323293505
Hyundai,Model E,2013,159782,Electric,Manual,5000.0
Audi,Model B,2022,165558,Petrol,Manual,33489.64356277233
Honda,Model B,2007,76907,Diesel,Manual,5000.0
Hyundai,Model D,2020,133876,Electric,Manual,11101.121107947987
Mercedes,Model A,2015,69435,Electric,Manual,40762.612504013494
Audi,Model E,2012,45631,Hybrid,Manual,30505.703995711174
Ford,Model B,2017,134038,Hybrid,Automatic,17150.418854982854
Ford,Model E,2014,25103,Diesel,Automatic,14931.18717357694
Audi,Model B,2020,69772,Petrol,Manual,33978.343601519766
Honda,Model E,2012,131108,Hybrid,Automatic,13995.68084794611
Ford,Model C,2008,19382,Hybrid,Automatic,18315.764804842172
Mercedes,Model B,2014,89291,Electric,Manual,34102.79365218032
Toyota,Model E,2012,106195,Hybrid,Automatic,11311.332021453964
Honda,Model A,2000,139828,Hybrid,Automatic,8081.648953183089
Mercedes,Model C,2006,25609,Hybrid,Automatic,25969.84360711261
Hyundai,Model C,2008,152550,Hybrid,Automatic,9667.870324779487
Mercedes,Model A,2000,175738,Electric,Automatic,25031.826306594638
Honda,Model E,2011,80683,Diesel,Automatic,14593.299666201152
Hyundai,Model D,2007,129714,Diesel,Automatic,10000.534618226138
Honda,Model A,2010,135330,Petrol,Automatic,5000.0
Ford,Model E,2018,76315,Hybrid,Manual,15137.044987862268
Toyota,Model A,2016,82834,Electric,Manual,11915.556520621474
Honda,Model A,2007,131205,Petrol,Automatic,5000.0
Honda,Model B,2002,19153,Petrol,Automatic,20217.03287918404
Ford,Model E,2002,81325,Diesel,Manual,5649.889530866036
BMW,Model D,2000,149071,Electric,Automatic,15268.716102565668
Ford,Model B,2004,60318,Electric,Automatic,15506.045158014886
Hyundai,Model A,2009,136886,Electric,Manual,5000.0
Ford,Model A,2006,120033,Diesel,Manual,8019.946441218679
Ford,Model A,2008,81077,Diesel,Manual,14533.416306250876
Toyota,Model E,2006,95474,Diesel,Automatic,5561.997978087443
Ford,Model E,2008,138515,Diesel,Automatic,10607.31570550026
Honda,Model B,2007,78319,Diesel,Manual,6937.3894377581455
Toyota,Model D,2011,130885,Hybrid,Manual,5000.0
Audi,Model B,2001,114777,Hybrid,Automatic,25869.11605669619
BMW,Model C,2000,22368,Electric,Manual,32156.265358236204
Toyota,Model A,2015,151400,Petrol,Automatic,9522.008153917192
Hyundai,Model A,2022,193014,Electric,Automatic,10975.620586237746
Audi,Model A,2022,96751,Petrol,Manual,38126.06377558429
Toyota,Model B,2004,32306,Diesel,Manual,5000.0
Toyota,Model B,2002,175987,Petrol,Automatic,10213.223290648026
BMW,Model A,2011,42219,Electric,Manual,28900.693982114008
Honda,Model B,2007,65279,Electric,Manual,19895.334495445542
Hyundai,Model E,2021,58028,Petrol,Manual,10433.435022380054
Mercedes,Model E,2002,109263,Hybrid,Manual,38127.159612789124
Mercedes,Model B,2000,5126,Diesel,Automatic,37619.477470173915
Toyota,Model A,2002,57329,Diesel,Automatic,9898.750429261792
Ford,Model B,2004,32632,Electric,Automatic,17038.522271765738
Hyundai,Model B,2014,114945,Hybrid,Automatic,7510.106909627753
Audi,Model B,2013,60176,Petrol,Manual,37993.85829236936
Ford,Model C,2002,180399,Diesel,Manual,5681.849349240234
Ford,Model E,2000,139869,Hybrid,Automatic,5000.0
Hyundai,Model D,2004,183954,Diesel,Automatic,5000.0
Honda,Model D,2022,149790,Hybrid,Manual,13081.271239036265
Toyota,Model C,2013,39560,Hybrid,Automatic,15571.994915827774
Toyota,Model B,2006,81589,Electric,Automatic,9137.607555500519
Toyota,Model C,2008,27116,Diesel,Manual,16739.053948968318
Toyota,Model C,2014,172316,Petrol,Automatic,5000.0
Mercedes,Model A,2014,137717,Electric,Manual,35332.0896825258
Toyota,Model E,2009,183595,Electric,Manual,5000.0
Mercedes,Model D,2012,129085,Petrol,Automatic,37844.311477420844
Mercedes,Model B,2018,122718,Electric,Manual,36891.80642778998
Honda,Model D,2006,24256,Hybrid,Automatic,15385.249860120592
Toyota,Model D,2016,105158,Hybrid,Manual,6922.685197051168
BMW,Model E,2019,189245,Diesel,Automatic,30435.07465828876
Audi,Model D,2003,173502,Diesel,Automatic,27033.523320294255
Ford,Model D,2004,175354,Petrol,Automatic,10650.021515059438
Mercedes,Model C,2022,124719,Diesel,Manual,37116.4637656828
Hyundai,Model E,2006,199446,Hybrid,Manual,5000.0
Hyundai,Model A,2012,73244,Petrol,Automatic,6303.3371600632545
Audi,Model B,2014,147766,Petrol,Manual,32389.478295103563
Hyundai,Model D,2010,61264,Diesel,Automatic,17184.204471619603
BMW,Model B,2003,62545,Hybrid,Automatic,28225.80279989593
Hyundai,Model A,2012,44224,Petrol,Manual,6640.787650962951
Ford,Model B,2006,102945,Hybrid,Automatic,14159.836586365513
Ford,Model A,2018,18224,Hybrid,Manual,15123.092281206762
Mercedes,Model C,2021,45738,Hybrid,Automatic,45575.05155587837
Toyota,Model D,2001,161222,Diesel,Manual,5000.0
Honda,Model A,2009,68731,Electric,Automatic,5000.0
BMW,Model B,2012,185760,Electric,Automatic,16403.08078043818
Mercedes,Model D,2020,144649,Petrol,Manual,34851.85551628117
BMW,Model C,2005,13070,Hybrid,Automatic,24842.201264295865
Toyota,Model D,2011,131161,Diesel,Automatic,5000.0
Hyundai,Model A,2011,13666,Hybrid,Manual,13261.59364676092
Hyundai,Model C,2019,62761,Hybrid,Automatic,15119.318044702562
Honda,Model B,2010,41368,Diesel,Manual,11960.254340107405
Toyota,Model C,2022,142855,Electric,Automatic,10578.292499208186
Mercedes,Model C,2006,46914,Hybrid,Manual,39397.83563208282
Honda,Model E,2000,132738,Hybrid,Automatic,13140.135565441473
Toyota,Model C,2000,72526,Electric,Automatic,5000.0
Audi,Model C,2019,181837,Diesel,Automatic,26347.3154142259
Ford,Model D,2012,24956,Petrol,Manual,20708.238327059982
Honda,Model B,2008,51240,Electric,Manual,11147.853101265067
Honda,Model D,2002,126008,Petrol,Manual,5000.0
Mercedes,Model D,2006,173220,Petrol,Manual,31537.265758623354
BMW,Model A,2005,99270,Electric,Automatic,13489.719562463535
Audi,Model D,2007,9757,Hybrid,Automatic,39103.661624263346
Mercedes,Model E,2008,24097,Petrol,Manual,36658.55262164671
Toyota,Model E,2004,146467,Petrol,Manual,5000.0
Toyota,Model A,2000,152313,Diesel,Manual,5000.0
Toyota,Model B,2018,108892,Hybrid,Automatic,12867.546775102592
Toyota,Model B,2009,163768,Petrol,Manual,5000.0
BMW,Model D,2011,75480,Diesel,Manual,32200.691137266178
Audi,Model D,2014,51163,Hybrid,Automatic,34148.478161353094
Hyundai,Model D,2021,24816,Electric,Automatic,19974.210652236878
Ford,Model B,2008,185912,Electric,Manual,13962.148852870216
BMW,Model C,2019,57853,Diesel,Automatic,25501.537712198497
BMW,Model E,2016,160989,Electric,Manual,26817.90949517614
Hyundai,Model C,2016,101731,Petrol,Automatic,9075.244545506033
Hyundai,Model C,2019,157638,Hybrid,Manual,12351.953876082465
Ford,Model B,2011,67823,Petrol,Manual,5000.0
Ford,Model C,2006,156878,Petrol,Manual,8160.628498793653
Hyundai,Model A,2001,6759,Electric,Manual,5000.0
Toyota,Model D,2002,178021,Petrol,Automatic,5000.0
BMW,Model A,2016,97374,Electric,Automatic,30981.52093684101
Mercedes,Model E,2004,138554,Hybrid,Automatic,26034.17052588987
Ford,Model D,2016,29442,Hybrid,Automatic,17467.030679119784
Ford,Model C,2016,169791,Petrol,Manual,12457.123157213353
Hyundai,Model E,2016,194138,Diesel,Manual,5000.0
Audi,Model D,2001,98501,Electric,Automatic,30284.86847726064
Mercedes,Model C,2001,7079,Electric,Automatic,33800.01399776277
Mercedes,Model A,2021,138789,Petrol,Automatic,23525.608903391792
Ford,Model D,2022,64676,Electric,Automatic,21392.08971689097
Toyota,Model C,2004,164024,Electric,Automatic,5000.0
Audi,Model A,2000,178532,Diesel,Manual,10917.02092269527
Mercedes,Model E,2000,95397,Diesel,Manual,22043.016808887136
Ford,Model E,2018,77847,Petrol,Manual,19154.692359164852
Mercedes,Model E,2001,98607,Diesel,Automatic,36212.85414124116
Honda,Model E,2020,154521,Petrol,Automatic,15339.872369324901
Audi,Model B,2011,169608,Hybrid,Automatic,23487.0830589213
Audi,Model D,2005,69077,Petrol,Automatic,30825.670975853514
Honda,Model D,2022,43258,Hybrid,Manual,17041.64844890504
BMW,Model B,2003,184374,Petrol,Manual,12308.298154184278
Honda,Model C,2022,164937,Electric,Automatic,9481.336658835078
Hyundai,Model C,2010,142717,Diesel,Manual,5000.0
Hyundai,Model E,2016,124771,Hybrid,Manual,6311.831467202773
Ford,Model A,2005,43000,Petrol,Automatic,15640.267449600658
Audi,Model C,2004,31737,Diesel,Automatic,28930.03164992555
BMW,Model A,2019,16485,Petrol,Automatic,31095.915360263207
BMW,Model D,2001,43565,Diesel,Automatic,17593.019696516094
Mercedes,Model A,2005,161594,Diesel,Automatic,31461.530958424843
Mercedes,Model D,2021,124614,Petrol,Automatic,32183.64040026707
Honda,Model B,2010,70155,Hybrid,Manual,15872.389569217376
BMW,Model B,2015,191240,Hybrid,Manual,16426.914905366375
Honda,Model E,2015,57487,Electric,Automatic,13363.473813234827
Honda,Model C,2000,134948,Diesel,Manual,5000.0
Mercedes,Model E,2008,17342,Electric,Automatic,36125.889265571815
Audi,Model D,2005,45806,Electric,Automatic,35586.26229238989
Honda,Model E,2015,53770,Petrol,Automatic,18889.64044221978
Toyota,Model A,2002,83623,Petrol,Automatic,11210.960560140174
Audi,Model D,2019,108177,Petrol,Manual,35201.86272966968
BMW,Model B,2003,136026,Diesel,Automatic,13180.350857348156
BMW,Model C,2018,80629,Petrol,Manual,26814.60387836221
Honda,Model D,2002,125993,Petrol,Automatic,5000.0
Audi,Model D,2018,188675,Diesel,Automatic,35219.124520195204
Mercedes,Model A,2019,131944,Diesel,Automatic,30918.856767868445
Mercedes,Model C,2006,110947,Hybrid,Manual,35421.13844694556
Hyundai,Model B,2019,31399,Petrol,Automatic,19894.819350543847
BMW,Model D,2008,133177,Petrol,Automatic,30989.25100858044
Ford,Model D,2000,114575,Petrol,Automatic,6722.817036852513
Hyundai,Model A,2007,115904,Hybrid,Manual,7766.410797900811
Mercedes,Model E,2006,191178,Petrol,Manual,38349.359182694214
Audi,Model B,2017,35678,Hybrid,Manual,32127.891615331515
Mercedes,Model C,2007,81218,Electric,Automatic,27263.898762338198
Audi,Model D,2000,68230,Hybrid,Manual,15688.449830461184
Hyundai,Model D,2010,79055,Electric,Automatic,13110.810144306655
BMW,Model B,2017,192445,Petrol,Manual,12961.998959707082
Mercedes,Model E,2022,167552,Electric,Manual,35260.80473531039
Honda,Model D,2009,77258,Hybrid,Automatic,14323.665935194806
Audi,Model B,2002,44986,Diesel,Manual,27676.57768414957
BMW,Model A,2006,160232,Electric,Automatic,22615.624320920862
Ford,Model E,2015,90595,Electric,Automatic,19581.69927900427
Audi,Model C,2015,106358,Petrol,Manual,37076.42906656696
Hyundai,Model D,2019,69929,Hybrid,Automatic,8741.968096306015
Ford,Model B,2016,78506,Electric,Automatic,16189.724307707344
Ford,Model A,2001,39911,Electric,Manual,9141.152773645881
Toyota,Model C,2000,92127,Electric,Manual,9044.609059313048
Mercedes,Model B,2015,167893,Electric,Automatic,39107.342941975316
Audi,Model B,2011,196607,Diesel,Manual,25925.776596592543
Ford,Model C,2004,118453,Hybrid,Automatic,16494.818334449636
Toyota,Model A,2004,89458,Petrol,Automatic,5000.0
Hyundai,Model A,2022,17175,Petrol,Manual,24977.370557755683
BMW,Model E,2008,124235,Diesel,Manual,28404.44310856129
Honda,Model D,2008,59771,Hybrid,Manual,15189.559986228734
Honda,Model C,2002,132157,Electric,Manual,14801.1445438553
Audi,Model C,2018,126300,Diesel,Automatic,23401.88396161113
Ford,Model C,2015,91925,Hybrid,Automatic,14781.509318686742
Honda,Model A,2015,71358,Electric,Manual,11755.58269659024
Mercedes,Model D,2002,153399,Diesel,Manual,29937.44661878672
Honda,Model E,2019,52057,Hybrid,Automatic,13146.44630198927
Honda,Model B,2021,11150,Petrol,Automatic,25229.97574668743
Honda,Model B,2000,9425,Petrol,Automatic,17881.430719983568
Toyota,Model C,2019,21032,Hybrid,Automatic,21424.414500419996
Ford,Model D,2010,7198,Petrol,Manual,19558.855118307503
Mercedes,Model A,2016,196572,Hybrid,Automatic,27732.033295496258
Ford,Model D,2007,189466,Electric,Automatic,5292.445169373177
Audi,Model D,2003,156151,Hybrid,Manual,28440.544526483336
Audi,Model A,2005,172292,Electric,Automatic,28282.145019526666
Audi,Model C,2007,177946,Diesel,Automatic,23407.60240311228
Hyundai,Model D,2019,149931,Hybrid,Manual,6413.902271170547
Honda,Model B,2002,186532,Diesel,Manual,5000.0
Hyundai,Model A,2015,167491,Petrol,Manual,5000.0
Toyota,Model E,2002,123865,Electric,Automatic,14863.845435698619
Audi,Model C,2017,144777,Hybrid,Automatic,24358.87214498767
Mercedes,Model A,2013,178952,Diesel,Manual,31499.799106105405
Ford,Model E,2017,28236,Electric,Manual,26625.419865975993
Honda,Model E,2001,92955,Electric,Automatic,5000.0
BMW,Model D,2021,108145,Petrol,Manual,29516.30237390542
Mercedes,Model D,2002,151430,Petrol,Manual,31618.077687553276
Honda,Model D,2015,99914,Electric,Manual,14066.79660953625
Hyundai,Model A,2008,107870,Electric,Automatic,21448.51527833384
Hyundai,Model A,2003,121243,Hybrid,Automatic,5000.0
Mercedes,Model C,2000,19596,Electric,Automatic,39813.84264941939
Hyundai,Model D,2003,169644,Hybrid,Automatic,5000.0
Audi,Model E,2000,137351,Electric,Automatic,27492.050774183375
Toyota,Model B,2013,199269,Petrol,Automatic,8243.085758496229
Ford,Model C,2020,116496,Hybrid,Manual,14009.419014450017
Toyota,Model A,2015,135273,Diesel,Automatic,10881.3319622967
Honda,Model C,2019,198588,Petrol,Automatic,5000.0
Ford,Model C,2007,143155,Hybrid,Manual,12858.48750285697
Ford,Model C,2006,125674,Hybrid,Automatic,12707.09232995263
Toyota,Model C,2002,125307,Diesel,Automatic,6927.950843215511
Mercedes,Model B,2016,153843,Hybrid,Manual,39098.44162543575
Ford,Model D,2000,166047,Electric,Manual,8035.749201048553
Toyota,Model E,2015,181720,Diesel,Manual,7154.4470989913825
Ford,Model C,2011,184357,Petrol,Automatic,6376.808316693538
BMW,Model C,2018,24063,Petrol,Manual,27735.746181754745
Mercedes,Model C,2021,72642,Electric,Automatic,48301.57310088666
Audi,Model D,2022,95093,Petrol,Automatic,42927.02702852989
Ford,Model A,2021,173671,Hybrid,Automatic,15125.89781843973
BMW,Model A,2013,187992,Hybrid,Automatic,21830.413736266375
Audi,Model B,2005,164601,Electric,Manual,19246.878125031166
Audi,Model A,2005,40954,Petrol,Manual,34816.084226337225
Honda,Model C,2012,32856,Petrol,Automatic,19184.284118458894
Ford,Model C,2018,7573,Electric,Manual,32827.43718231875
Toyota,Model C,2021,40367,Diesel,Automatic,13090.034614101305
Ford,Model B,2007,104608,Petrol,Automatic,10879.560504908914
BMW,Model C,2001,65774,Diesel,Automatic,22368.52961262786
Audi,Model A,2020,28752,Petrol,Manual,40294.847688628855
Ford,Model D,2000,60029,Petrol,Automatic,10420.211812261838
Toyota,Model D,2014,153757,Petrol,Automatic,5000.0
Honda,Model E,2000,135282,Petrol,Manual,8142.937644617856
Ford,Model A,2004,56693,Hybrid,Manual,16271.026812727907
Mercedes,Model C,2015,121739,Diesel,Manual,29831.679497181376
Honda,Model D,2018,60961,Diesel,Manual,22729.16400552748
Toyota,Model A,2003,131678,Petrol,Automatic,10267.093545983018
BMW,Model D,2002,79532,Petrol,Manual,21194.882486238967
Audi,Model C,2016,86994,Diesel,Automatic,33048.28931188019
Ford,Model D,2016,61133,Hybrid,Manual,21213.638855579535
Toyota,Model E,2011,66268,Electric,Manual,7378.08464871871
Honda,Model E,2013,174315,Electric,Manual,9434.40739582041
Mercedes,Model D,2020,193456,Diesel,Manual,22565.282276954094
Toyota,Model A,2005,36653,Petrol,Manual,13549.628227514679
Hyundai,Model A,2002,162729,Petrol,Manual,5000.0
Mercedes,Model A,2008,176024,Hybrid,Automatic,37215.89914214499
Honda,Model D,2004,158252,Electric,Manual,5000.0
BMW,Model A,2016,126829,Hybrid,Manual,24100.215090344118
Audi,Model C,2013,133377,Electric,Manual,26192.480469577473
Honda,Model E,2020,6622,Diesel,Manual,18228.70563038962
BMW,Model C,2002,53756,Electric,Automatic,30904.856725740185
Ford,Model A,2000,45809,Hybrid,Manual,5000.0
Toyota,Model C,2019,21725,Hybrid,Manual,23298.57693044094
Hyundai,Model A,2020,197468,Hybrid,Manual,8316.717405508538
Mercedes,Model D,2022,56226,Diesel,Manual,35153.59176071392
Mercedes,Model C,2000,86182,Electric,Automatic,25814.33803475381
Toyota,Model D,2002,34402,Electric,Manual,17161.865136041015
Hyundai,Model D,2017,9263,Hybrid,Automatic,10809.315600286345
Toyota,Model B,2009,182900,Electric,Manual,5000.0
Ford,Model A,2021,52924,Petrol,Automatic,28040.372711823646
BMW,Model E,2002,79182,Petrol,Automatic,23233.664381429575
Honda,Model A,2007,195124,Petrol,Manual,5000.0
Mercedes,Model E,2013,147736,Electric,Manual,34696.32487702309
Ford,Model A,2017,40737,Diesel,Automatic,15334.386581798613
BMW,Model D,2014,106332,Diesel,Automatic,31187.506992113027
Ford,Model C,2021,94563,Diesel,Manual,24078.704824365668
Hyundai,Model C,2022,165445,Diesel,Automatic,12387.780994109715
Mercedes,Model B,2001,172469,Petrol,Automatic,28184.85530623508
Honda,Model E,2009,133575,Petrol,Automatic,18127.19062433687
Toyota,Model E,2001,106371,Hybrid,Manual,5000.0
Toyota,Model E,2016,43709,Electric,Automatic,10405.179372895993
BMW,Model D,2007,197192,Electric,Automatic,21387.769564161536
Honda,Model E,2000,155322,Diesel,Automatic,13664.135247685566
Audi,Model C,2008,26172,Petrol,Manual,26117.602534070742
Hyundai,Model D,2010,16555,Diesel,Manual,8364.936166530071
BMW,Model A,2021,58276,Hybrid,Automatic,34168.43019050726
Audi,Model E,2015,62492,Electric,Manual,33605.875754971305
Ford,Model E,2006,189074,Electric,Automatic,5000.0
Hyundai,Model A,2009,94599,Diesel,Manual,11379.339281152355
Ford,Model E,2022,160834,Hybrid,Manual,28058.503610086296
Honda,Model A,2002,16046,Electric,Automatic,13678.357295119538
Mercedes,Model D,2017,121021,Hybrid,Manual,31428.608551319998
Hyundai,Model C,2012,164841,Hybrid,Manual,5000.0
Audi,Model A,2006,189374,Diesel,Manual,22821.179906105903
Mercedes,Model B,2003,159222,Petrol,Automatic,33558.286716581286
Toyota,Model A,2012,9853,Diesel,Manual,15883.188732476907
Audi,Model E,2019,125900,Petrol,Manual,31692.980795405732
BMW,Model D,2000,157864,Hybrid,Automatic,13660.44174105347
Toyota,Model D,2007,64129,Petrol,Manual,5000.0
Toyota,Model A,2013,119130,Hybrid,Manual,13217.256631624412
BMW,Model C,2015,168059,Electric,Manual,28165.90810692793
Hyundai,Model B,2013,151922,Electric,Manual,5000.0
Toyota,Model D,2011,148184,Electric,Manual,15539.994890903417
Honda,Model E,2018,126789,Diesel,Automatic,16530.906104470007
Audi,Model E,2022,160130,Diesel,Automatic,38991.473225728965
Mercedes,Model C,2014,181492,Hybrid,Manual,24714.761257574428
Toyota,Model D,2001,43890,Electric,Manual,5000.0
Audi,Model A,2001,71017,Diesel,Manual,24204.30345116352
Ford,Model E,2022,183376,Electric,Automatic,19845.12213447597
Audi,Model C,2021,168993,Diesel,Automatic,40032.15411463482
Mercedes,Model D,2018,137596,Petrol,Manual,39150.594569075656
Audi,Model D,2021,105424,Petrol,Manual,32515.393615939833
BMW,Model D,2021,20048,Electric,Automatic,29865.75396167054
Mercedes,Model D,2016,171183,Hybrid,Manual,39090.85286359575
Hyundai,Model D,2019,173976,Diesel,Automatic,5000.0
Ford,Model E,2009,59912,Diesel,Automatic,23646.74277386161
BMW,Model C,2005,39008,Petrol,Manual,22627.676751967454
Hyundai,Model D,2014,136132,Petrol,Automatic,15646.31036308925
Audi,Model B,2021,88559,Hybrid,Manual,37966.70645029639
Mercedes,Model B,2010,60337,Hybrid,Manual,34798.17255278771
Ford,Model C,2004,115616,Hybrid,Manual,7122.218140869368
BMW,Model A,2000,18350,Electric,Manual,21877.9606132696
Hyundai,Model A,2007,29354,Petrol,Manual,10673.883461876187
Hyundai,Model A,2020,50186,Electric,Manual,15376.482481088584
Ford,Model B,2011,33145,Petrol,Automatic,15373.692959656473
Honda,Model A,2011,170092,Petrol,Automatic,7667.242948411838
Audi,Model E,2004,91123,Diesel,Automatic,26836.735148595748
Ford,Model D,2006,25581,Petrol,Automatic,5577.27952792594
Hyundai,Model B,2003,93929,Petrol,Manual,5594.390573943493
Toyota,Model C,2005,28051,Electric,Automatic,6698.843876415965
BMW,Model C,2012,56474,Petrol,Automatic,21909.637983971275
Ford,Model D,2019,96748,Electric,Automatic,11725.878264446445
Honda,Model B,2014,130995,Hybrid,Manual,5000.0
Hyundai,Model A,2002,74626,Petrol,Automatic,5000.0
Audi,Model A,2022,11960,Petrol,Manual,35356.89521184755
Hyundai,Model E,2007,171844,Electric,Automatic,13174.095687632838
Audi,Model E,2019,157592,Hybrid,Manual,27491.00162052398
Ford,Model A,2015,185553,Diesel,Manual,12111.100531340157
Audi,Model C,2012,41408,Hybrid,Automatic,35432.00693253164
Mercedes,Model C,2017,99006,Electric,Manual,38705.02593107924
Mercedes,Model E,2009,62134,Hybrid,Manual,34506.08269637004
Mercedes,Model D,2018,156563,Electric,Automatic,30695.381182003774
Honda,Model A,2016,137413,Electric,Automatic,20883.987741396057
Honda,Model E,2018,180695,Diesel,Automatic,20001.233218189423
Toyota,Model E,2022,95327,Petrol,Manual,6320.35652938657
Honda,Model A,2004,136410,Electric,Manual,5000.0
Ford,Model A,2020,148326,Electric,Manual,15684.648288114971
Hyundai,Model C,2022,187932,Diesel,Automatic,5000.0
Hyundai,Model D,2008,16344,Electric,Manual,13212.627767279326
Toyota,Model D,2011,137822,Petrol,Manual,5000.0
Honda,Model A,2020,190828,Diesel,Manual,21283.880339033007
Audi,Model B,2000,72957,Petrol,Manual,30804.892971717978
Toyota,Model E,2000,110423,Petrol,Manual,5000.0
Audi,Model E,2014,63053,Diesel,Manual,36982.28131659866
Audi,Model A,2001,151968,Electric,Manual,27931.102121786542
BMW,Model B,2021,191833,Petrol,Automatic,22588.61255970878
Hyundai,Model C,2015,198624,Petrol,Automatic,5000.0
Mercedes,Model A,2007,82454,Petrol,Automatic,34268.01531484824
Honda,Model A,2012,95600,Petrol,Manual,16028.18062248972
Audi,Model E,2020,127732,Diesel,Manual,32308.70199326709
BMW,Model A,2000,164007,Diesel,Automatic,7914.6675890450115
Hyundai,Model A,2015,42641,Hybrid,Manual,7853.827780245788
Mercedes,Model A,2006,34711,Hybrid,Automatic,35394.585682028104
Audi,Model E,2004,75342,Petrol,Manual,26354.57197837085
Audi,Model C,2021,111896,Electric,Manual,44267.910883949036
Toyota,Model C,2022,148254,Petrol,Automatic,6157.360288005009
Toyota,Model A,2002,92833,Electric,Automatic,9386.29620917937
Hyundai,Model E,2011,61276,Petrol,Automatic,17381.76554164145
Mercedes,Model C,2015,24541,Hybrid,Automatic,52130.19872711398
Audi,Model C,2018,99457,Hybrid,Automatic,31505.162884080193
Hyundai,Model C,2004,49813,Electric,Manual,9466.497263601
Hyundai,Model E,2021,173270,Petrol,Manual,11185.301785993233
Ford,Model E,2013,144892,Electric,Manual,14732.808657766453
Honda,Model A,2004,29070,Hybrid,Automatic,11552.273993803468
Toyota,Model D,2014,147194,Petrol,Automatic,11320.17694750023
Mercedes,Model C,2016,85559,Petrol,Automatic,25560.819573901572
Audi,Model D,2013,46786,Electric,Automatic,38071.047450313155
Hyundai,Model E,2019,142809,Diesel,Automatic,9990.439518309835
Audi,Model E,2004,41062,Electric,Automatic,29334.525516108675
Ford,Model E,2011,190309,Hybrid,Manual,19718.860978597786
Mercedes,Model D,2015,56571,Hybrid,Manual,34796.77990604724
Hyundai,Model E,2015,30510,Hybrid,Manual,10459.120054674846
Audi,Model A,2020,24426,Hybrid,Manual,47236.46651102367
Toyota,Model E,2006,42265,Hybrid,Manual,5226.443475750717
Honda,Model B,2003,153922,Diesel,Automatic,5000.0
Ford,Model D,2000,71150,Petrol,Automatic,10207.37288284575
Mercedes,Model B,2004,92312,Electric,Automatic,37088.07241064775
Ford,Model E,2022,94613,Electric,Automatic,22808.362536766566
Toyota,Model A,2009,79910,Hybrid,Automatic,5000.0
Mercedes,Model C,2021,57375,Electric,Automatic,40470.407184364056
Ford,Model E,2004,126826,Hybrid,Manual,6121.927833938945
BMW,Model A,2003,40435,Diesel,Automatic,23092.14477388477
Toyota,Model D,2001,101443,Diesel,Automatic,6557.068293149144
Toyota,Model B,2019,193204,Petrol,Automatic,11430.82877943986
Toyota,Model B,2009,139055,Diesel,Automatic,5000.0
BMW,Model B,2018,156734,Diesel,Manual,29483.00493780428
BMW,Model D,2000,28510,Petrol,Manual,23337.344229983115
Audi,Model A,2004,177070,Electric,Automatic,30569.160237969532
Hyundai,Model D,2012,192918,Hybrid,Manual,5075.0916364533605
Honda,Model B,2003,99071,Hybrid,Manual,12553.06478867881
Ford,Model E,2015,11640,Electric,Automatic,24750.726557250637
Audi,Model C,2015,49547,Petrol,Automatic,41253.778781013745
Ford,Model D,2022,59620,Electric,Automatic,26130.253180088894
Honda,Model D,2001,151389,Diesel,Automatic,5000.0
Hyundai,Model A,2016,120608,Petrol,Automatic,20831.773602234407
BMW,Model A,2019,12564,Petrol,Manual,36816.98561139946
Hyundai,Model D,2011,163417,Petrol,Automatic,7697.872105022065
BMW,Model B,2017,118824,Hybrid,Automatic,20677.27791730832
Honda,Model C,2002,84273,Electric,Automatic,5000.0
Hyundai,Model A,2000,79859,Petrol,Manual,5000.0
Audi,Model B,2000,115017,Petrol,Automatic,24476.755988841207
Mercedes,Model E,2018,128618,Petrol,Automatic,33998.48717495842
Audi,Model A,2010,188465,Electric,Automatic,26781.663498060298
Ford,Model B,2004,130341,Hybrid,Manual,16926.084640217978
Audi,Model B,2011,34430,Diesel,Automatic,36255.512372751495
Honda,Model C,2002,32788,Hybrid,Automatic,5155.557451236309
Toyota,Model C,2000,184615,Petrol,Automatic,5000.0
Ford,Model E,2000,149991,Hybrid,Manual,5000.0
Hyundai,Model B,2007,74346,Hybrid,Automatic,5344.200417957195
Ford,Model B,2009,101122,Diesel,Automatic,11375.821671851785
Mercedes,Model C,2010,44974,Electric,Automatic,35863.07208697998
BMW,Model A,2011,112309,Electric,Manual,18108.873140133026
Hyundai,Model A,2012,21371,Hybrid,Automatic,11793.17659240905
Ford,Model D,2011,50084,Hybrid,Automatic,14692.76181576345
Hyundai,Model C,2013,165701,Electric,Automatic,5000.0
Hyundai,Model D,2001,187256,Electric,Manual,8902.060122508314
Hyundai,Model C,2018,66916,Diesel,Manual,17098.04827108336
BMW,Model E,2017,78972,Petrol,Automatic,27169.89637537502
Honda,Model B,2002,198259,Hybrid,Manual,5000.0
Audi,Model E,2022,17984,Electric,Manual,33742.5282634122
Hyundai,Model C,2016,38039,Hybrid,Manual,21076.664389054324
Toyota,Model B,2007,90431,Hybrid,Automatic,17964.89347386556
Honda,Model A,2009,88691,Electric,Automatic,13348.918641232623
Mercedes,Model A,2001,63606,Diesel,Manual,35437.35322092672
BMW,Model D,2018,146688,Hybrid,Manual,26042.03389466962
Ford,Model C,2008,107665,Diesel,Manual,5000.0
BMW,Model C,2006,110373,Electric,Automatic,20922.23315518171
Ford,Model A,2003,186144,Petrol,Automatic,7352.439833859786
BMW,Model E,2020,29574,Petrol,Manual,29748.561406282777
Ford,Model B,2017,139502,Hybrid,Manual,13931.63361282482
Hyundai,Model E,2012,148748,Electric,Manual,5605.602212454426
Audi,Model E,2010,146888,Diesel,Manual,25251.20751067269
Ford,Model A,2003,37733,Hybrid,Automatic,14374.642452487418
Ford,Model A,2020,7050,Electric,Manual,18844.474668016996
Toyota,Model A,2003,114996,Electric,Automatic,5000.0
Ford,Model D,2009,38933,Diesel,Manual,9130.428671500153
Toyota,Model E,2004,29951,Hybrid,Manual,13891.527748431003
Mercedes,Model C,2008,37413,Electric,Manual,26101.115290798378
Hyundai,Model B,2002,170873,Electric,Manual,5724.301716584627
Toyota,Model D,2016,191691,Electric,Manual,14847.196986314217
Audi,Model C,2002,168985,Diesel,Automatic,20039.84706508689
Honda,Model E,2015,117573,Hybrid,Manual,5000.0
Hyundai,Model A,2003,176672,Hybrid,Manual,5000.0
Toyota,Model E,2017,193847,Hybrid,Manual,6986.729193555902
Hyundai,Model B,2016,171472,Hybrid,Automatic,5000.0
Hyundai,Model D,2006,140566,Petrol,Automatic,5000.0
Hyundai,Model D,2022,127744,Petrol,Automatic,19763.775994316755
Mercedes,Model B,2004,94431,Hybrid,Automatic,35103.0858115087
Audi,Model C,2011,48001,Diesel,Manual,26477.1294281095
BMW,Model C,2016,72364,Petrol,Manual,19893.80415202284
BMW,Model D,2022,129988,Electric,Manual,27365.513411951142
Toyota,Model D,2012,50028,Petrol,Automatic,11931.316103247811
Hyundai,Model A,2022,173645,Electric,Manual,12298.74593681658
Toyota,Model C,2002,136878,Hybrid,Manual,5000.0
Mercedes,Model B,2008,129343,Petrol,Automatic,34590.347876809305
Mercedes,Model C,2016,192710,Diesel,Automatic,42040.27020030114
Ford,Model A,2016,133301,Petrol,Automatic,19912.455112221312
Mercedes,Model D,2019,131295,Petrol,Manual,36194.80746334614
Ford,Model D,2015,165829,Petrol,Manual,11792.797644733528
Audi,Model A,2021,39636,Hybrid,Automatic,36234.83432910064
Toyota,Model B,2012,184352,Diesel,Manual,10685.604562260722
Honda,Model D,2018,29262,Petrol,Automatic,15900.332770243485
Audi,Model E,2016,85435,Diesel,Automatic,32954.36354499991
Mercedes,Model D,2003,198283,Hybrid,Manual,25341.83950940543
Audi,Model E,2011,190914,Electric,Automatic,23945.37903594234
Audi,Model A,2008,133583,Petrol,Automatic,19958.52226057949
Audi,Model A,2018,193051,Diesel,Automatic,29962.32251808834
Mercedes,Model D,2011,174269,Diesel,Manual,29481.530140723084
Honda,Model C,2008,46844,Hybrid,Automatic,15659.00234718285
Hyundai,Model E,2006,69754,Petrol,Automatic,5000.0
Audi,Model B,2013,170229,Electric,Automatic,34592.65649406523
Ford,Model D,2019,82129,Diesel,Automatic,15009.681093940777
Mercedes,Model B,2018,45042,Petrol,Automatic,49808.101420089464
Audi,Model D,2014,66665,Electric,Automatic,25428.567450858693
Honda,Model C,2015,121953,Diesel,Automatic,14576.200322784454
Hyundai,Model C,2020,163448,Diesel,Manual,10204.753412633116
Mercedes,Model C,2004,191626,Electric,Manual,22940.914660295588
BMW,Model C,2002,150271,Electric,Automatic,21108.419689305065
Hyundai,Model A,2011,123533,Hybrid,Manual,12220.943348800793
Ford,Model A,2019,187020,Petrol,Manual,5000.0
Audi,Model E,2020,78781,Petrol,Automatic,38074.67403745407
Honda,Model B,2003,71262,Hybrid,Manual,5000.0
BMW,Model D,2020,51600,Diesel,Automatic,26591.67598238396
Honda,Model D,2022,81898,Electric,Automatic,27550.931824504725
BMW,Model A,2015,198555,Electric,Automatic,20163.33983303973
Mercedes,Model D,2006,154369,Electric,Automatic,24912.150177955136
BMW,Model A,2012,35448,Diesel,Automatic,27237.91135507659
Ford,Model E,2020,31172,Electric,Manual,33280.931690817764
Ford,Model B,2009,178946,Electric,Automatic,5000.0
Toyota,Model E,2006,12657,Hybrid,Manual,5610.600441803277
Ford,Model C,2013,161497,Diesel,Automatic,19912.30841589813
Hyundai,Model C,2004,162757,Petrol,Automatic,10650.661717688663
BMW,Model C,2002,117855,Hybrid,Automatic,19090.093878548578
Ford,Model E,2022,160650,Hybrid,Manual,10272.236487366787
Mercedes,Model D,2010,164903,Petrol,Automatic,41734.067509045795
Honda,Model B,2010,12906,Hybrid,Automatic,23826.911958745983
Honda,Model C,2017,66413,Diesel,Automatic,19574.084938811164
Toyota,Model C,2014,59028,Electric,Automatic,10486.5882553129
Honda,Model C,2011,12287,Diesel,Manual,14640.503295809815
BMW,Model B,2008,38660,Petrol,Automatic,25765.199594775848
Toyota,Model C,2009,65504,Petrol,Manual,11379.056523077888
BMW,Model B,2011,195792,Hybrid,Automatic,27465.407190656682
Mercedes,Model C,2016,107979,Diesel,Manual,39998.13520568701
Toyota,Model E,2005,39701,Diesel,Manual,5000.0
Audi,Model E,2006,88300,Petrol,Automatic,34967.48225009769
Hyundai,Model B,2013,153746,Diesel,Automatic,7378.360700065775
Hyundai,Model E,2012,88560,Petrol,Manual,11507.32897929458
BMW,Model B,2007,159946,Diesel,Automatic,26835.404296393015
Honda,Model E,2009,48642,Diesel,Automatic,7509.998752432244
Audi,Model E,2008,70160,Diesel,Automatic,29312.872106467687
Toyota,Model B,2017,22602,Petrol,Manual,13212.627243203924
Audi,Model D,2001,108320,Hybrid,Automatic,16744.70287317272
Audi,Model E,2004,93801,Diesel,Automatic,28043.499888024602
Honda,Model C,2004,30931,Petrol,Automatic,24511.23275792212
Toyota,Model D,2005,99377,Petrol,Manual,5000.0
Mercedes,Model B,2018,34192,Diesel,Automatic,41128.99694475265
Honda,Model D,2007,51542,Diesel,Manual,14125.614675373867
Audi,Model A,2015,132015,Hybrid,Automatic,31014.64100828091
Audi,Model A,2012,47520,Petrol,Manual,31558.3597374213
Mercedes,Model E,2000,69772,Petrol,Automatic,24515.318182770883
Audi,Model E,2021,194834,Electric,Automatic,32422.23371470082
Audi,Model C,2019,55106,Petrol,Manual,31460.88011492037
Audi,Model D,2016,86121,Hybrid,Manual,21244.341475107234
Hyundai,Model A,2006,30559,Electric,Manual,14945.011102568653
Honda,Model E,2012,110595,Electric,Automatic,17762.17909921021
Ford,Model D,2003,38742,Electric,Automatic,15321.204884255398
Honda,Model E,2003,74669,Diesel,Automatic,9911.923441028513
Mercedes,Model E,2005,157826,Diesel,Automatic,33980.290063577806
Audi,Model A,2018,140044,Petrol,Manual,31619.498283890414
Honda,Model A,2011,75831,Electric,Automatic,18728.537773806573
Hyundai,Model E,2021,117217,Hybrid,Automatic,10651.73899563075
Mercedes,Model B,2006,46873,Diesel,Automatic,41216.26869286973
BMW,Model E,2009,111532,Hybrid,Automatic,25027.328629663418
Honda,Model E,2018,131267,Hybrid,Automatic,14906.90971802937
BMW,Model C,2006,145975,Diesel,Automatic,13350.944556439841
Audi,Model C,2002,139092,Diesel,Automatic,24480.179271508547
Hyundai,Model C,2012,46755,Diesel,Manual,5502.475412527743
Hyundai,Model B,2012,90956,Diesel,Automatic,5260.786367357529
Honda,Model B,2017,91988,Electric,Automatic,12323.721858419394
Mercedes,Model E,2019,50648,Electric,Automatic,37136.425340503876
Mercedes,Model C,2007,130991,Electric,Automatic,43074.30701508481
Hyundai,Model B,2008,145588,Electric,Manual,10877.295309942012
Mercedes,Model A,2006,120005,Petrol,Manual,40101.58751072131
Hyundai,Model E,2000,7396,Electric,Manual,5000.0
Honda,Model D,2002,89082,Diesel,Manual,6902.168749554463
Ford,Model E,2012,155201,Hybrid,Manual,5272.411873979522
Hyundai,Model D,2016,133322,Electric,Manual,5355.425614014679
BMW,Model C,2000,137663,Petrol,Automatic,13026.215082917122
Mercedes,Model D,2005,16303,Diesel,Manual,40882.77003220781
Hyundai,Model C,2020,166633,Hybrid,Manual,6187.201609491201
Hyundai,Model A,2005,76719,Hybrid,Automatic,11505.946668470082
Honda,Model D,2011,104616,Electric,Manual,14789.804447942592
Mercedes,Model E,2012,129165,Hybrid,Automatic,45559.94376052394
Ford,Model C,2012,91231,Electric,Automatic,9541.228884301381
Honda,Model E,2014,12314,Electric,Manual,24180.466198933995
Ford,Model B,2020,24623,Diesel,Automatic,28501.054352003637
Honda,Model C,2015,110228,Diesel,Manual,7121.705809864828
Mercedes,Model D,2021,169202,Petrol,Manual,40575.5666823658
Toyota,Model C,2020,187828,Diesel,Automatic,11289.324815131144
Mercedes,Model E,2010,102624,Diesel,Automatic,32731.41870023296
Mercedes,Model A,2004,162364,Electric,Manual,24262.12256514
Ford,Model C,2003,116785,Diesel,Automatic,6065.202742754071
Ford,Model D,2002,91206,Electric,Automatic,22188.760478929635
Mercedes,Model B,2018,74274,Electric,Manual,39789.714094787414
Mercedes,Model A,2019,138541,Diesel,Manual,39483.6000076573
Mercedes,Model B,2017,58947,Petrol,Automatic,36098.153091662236
Ford,Model C,2014,158606,Petrol,Manual,8670.435268891808
Mercedes,Model E,2008,199692,Hybrid,Manual,32925.32404624971
Mercedes,Model E,2016,53874,Hybrid,Manual,32058.41894224234
Audi,Model D,2013,54708,Diesel,Manual,29688.53116047364
Toyota,Model E,2014,79553,Petrol,Manual,11692.48705536116
BMW,Model A,2000,73344,Electric,Manual,21389.663009200263
Toyota,Model E,2020,54138,Hybrid,Manual,14897.63357491922
Audi,Model D,2021,190374,Electric,Automatic,33460.39890547961
BMW,Model C,2021,52638,Hybrid,Manual,34832.37877908906
Honda,Model C,2002,83249,Diesel,Automatic,11510.737727296648
Mercedes,Model E,2015,110865,Petrol,Automatic,31527.730956660867
Audi,Model B,2022,7719,Hybrid,Automatic,38693.274510356016
Honda,Model C,2010,158962,Petrol,Manual,13525.714309384688
Mercedes,Model E,2011,172581,Electric,Manual,35844.18593786936
Ford,Model D,2009,47534,Diesel,Automatic,9259.00274259468
Hyundai,Model E,2015,97241,Petrol,Manual,10895.349501761008
Audi,Model C,2007,154859,Diesel,Automatic,14865.923753125946
Ford,Model D,2005,131209,Petrol,Manual,9674.224510301847
Audi,Model E,2011,184917,Electric,Manual,35242.98508372989
Audi,Model A,2020,194004,Electric,Automatic,26060.33641365507
Ford,Model D,2007,97124,Diesel,Automatic,8472.184772542088
BMW,Model A,2003,96659,Electric,Automatic,25987.1989078643
Toyota,Model B,2007,169134,Hybrid,Manual,5000.0
Mercedes,Model D,2017,80713,Petrol,Automatic,35800.574850574805
Audi,Model A,2004,196533,Electric,Manual,24655.55568790876
Mercedes,Model C,2008,80418,Hybrid,Manual,30307.67076155298
Hyundai,Model C,2003,133232,Diesel,Manual,5000.0
Ford,Model B,2021,170904,Hybrid,Automatic,20175.728551575172
Mercedes,Model D,2016,168038,Diesel,Automatic,35705.8304176828
Ford,Model D,2008,149059,Diesel,Automatic,11881.141981477009
Mercedes,Model D,2000,173383,Petrol,Manual,23135.238603649806
Toyota,Model B,2020,36575,Petrol,Manual,18521.555576344777
Toyota,Model D,2019,68852,Hybrid,Automatic,14938.736599501217
Toyota,Model C,2012,137079,Petrol,Manual,9935.078049628923
Toyota,Model A,2015,81242,Petrol,Manual,9453.239874410106
Toyota,Model C,2012,183589,Petrol,Automatic,5407.705128102294
Toyota,Model C,2013,34257,Hybrid,Automatic,9337.361037239929
Ford,Model A,2002,178279,Electric,Automatic,7411.011949968819
Audi,Model C,2005,149353,Petrol,Manual,19477.345681855775
Mercedes,Model B,2017,66246,Petrol,Manual,33117.46774919003
Toyota,Model A,2018,6435,Hybrid,Manual,18471.55573927694
Ford,Model C,2004,96357,Electric,Manual,12745.848879288302
Ford,Model E,2014,162732,Petrol,Manual,16277.768674742862
Ford,Model C,2001,141156,Diesel,Automatic,5286.572152124506
Audi,Model B,2009,149579,Hybrid,Manual,27561.314234183777
Mercedes,Model D,2017,88807,Petrol,Manual,40313.63786136832
Audi,Model C,2012,181611,Petrol,Manual,27643.31903915797
BMW,Model D,2004,120953,Diesel,Automatic,15824.08158598929
Honda,Model E,2022,143563,Diesel,Automatic,15568.667411355942
Ford,Model C,2000,186264,Hybrid,Automatic,7007.501480273306
BMW,Model A,2021,128797,Hybrid,Manual,27596.042334539714
Hyundai,Model D,2000,68888,Diesel,Automatic,5000.0
Toyota,Model E,2017,78609,Hybrid,Automatic,14871.9981198674
Honda,Model A,2014,14077,Diesel,Automatic,28358.805196986214
Toyota,Model A,2016,25953,Petrol,Manual,13402.153656215089
Audi,Model A,2010,119682,Diesel,Automatic,24375.5145107234
Honda,Model A,2020,72889,Diesel,Manual,18222.29279855699
Mercedes,Model C,2021,159893,Electric,Manual,38567.24105233286
BMW,Model C,2016,173639,Diesel,Automatic,29281.72582708207
Mercedes,Model C,2012,120374,Diesel,Manual,26691.959220455563
Audi,Model E,2000,29860,Electric,Automatic,32663.901262874962
Toyota,Model E,2001,157267,Hybrid,Manual,5000.0
Honda,Model E,2008,82475,Electric,Automatic,11665.517315297271
Mercedes,Model B,2002,92266,Petrol,Automatic,32580.13658960845
Mercedes,Model E,2000,157499,Electric,Automatic,32772.337407991785
Toyota,Model C,2020,105732,Petrol,Manual,17574.976900142254
Honda,Model C,2015,32083,Hybrid,Automatic,11680.753439631357
BMW,Model B,2022,62372,Electric,Manual,36482.19093377743
Toyota,Model B,2005,128786,Electric,Automatic,6237.256974837407
Mercedes,Model E,2016,180136,Hybrid,Manual,32857.570490077575
BMW,Model D,2004,12813,Petrol,Manual,25225.334955008468
BMW,Model B,2004,36598,Electric,Automatic,24918.8850560087
Toyota,Model A,2005,98106,Petrol,Automatic,13053.237485535326
Mercedes,Model C,2002,32082,Electric,Automatic,34477.31020075394
Audi,Model A,2020,34241,Diesel,Automatic,31690.21935808416
Mercedes,Model C,2022,180641,Electric,Automatic,35500.300720151354
Ford,Model C,2004,16745,Hybrid,Manual,15556.223584052379
Honda,Model B,2020,31029,Hybrid,Automatic,26094.62392148525
Hyundai,Model B,2004,149097,Petrol,Automatic,5060.623424744166
Audi,Model A,2009,128395,Electric,Manual,23327.573606264777
BMW,Model C,2009,150360,Petrol,Automatic,33907.94958339446
Audi,Model A,2018,94186,Petrol,Automatic,35114.57655488989
Honda,Model D,2016,142612,Diesel,Manual,17246.353689995078
BMW,Model A,2020,102768,Diesel,Automatic,28103.027832113854
Honda,Model E,2013,46846,Hybrid,Automatic,18324.496223527247
BMW,Model A,2008,80932,Petrol,Automatic,28650.742522592023
Audi,Model E,2013,153554,Hybrid,Manual,33413.27355877128
BMW,Model E,2000,28411,Electric,Automatic,29366.291526891127
BMW,Model E,2018,187047,Petrol,Manual,27508.63500036489
Ford,Model D,2012,196617,Petrol,Automatic,9093.716344029455
Mercedes,Model A,2012,83797,Electric,Manual,33451.4197902197
Mercedes,Model A,2003,57307,Electric,Automatic,35797.68755162099
Hyundai,Model D,2000,139165,Hybrid,Manual,5000.0
Hyundai,Model C,2016,27042,Hybrid,Manual,12034.296496116965
Ford,Model B,2007,57930,Electric,Manual,20429.359828571934
Hyundai,Model A,2001,180485,Hybrid,Manual,5238.833727430898
Honda,Model B,2007,102883,Electric,Manual,5274.245404632901
Audi,Model D,2006,38756,Petrol,Manual,25377.5964810186
Toyota,Model C,2001,58268,Petrol,Automatic,6384.724705473318
Honda,Model C,2021,175286,Diesel,Automatic,14273.76334094598
Toyota,Model C,2021,164674,Petrol,Manual,8143.4649311647445
Toyota,Model D,2002,189403,Electric,Manual,7790.863394335722
Ford,Model E,2017,53901,Hybrid,Manual,21425.284307592257
Honda,Model E,2011,104986,Diesel,Manual,10447.935241203697
Ford,Model B,2000,199488,Hybrid,Automatic,5000.0
BMW,Model E,2021,168268,Electric,Manual,20007.520917862465
Toyota,Model E,2011,133386,Petrol,Automatic,9735.746251409033
Audi,Model C,2004,10626,Diesel,Automatic,19805.72186922582
Hyundai,Model C,2016,143496,Electric,Manual,13388.38704822036
Audi,Model B,2015,17857,Diesel,Manual,33816.3807781384
Hyundai,Model A,2014,156054,Diesel,Automatic,22412.764847973664
Toyota,Model B,2022,138052,Petrol,Automatic,25136.98125308055
Toyota,Model B,2014,184362,Electric,Manual,6374.6546537624145
Toyota,Model D,2004,31431,Hybrid,Manual,8396.764987343427
Ford,Model D,2020,89976,Diesel,Manual,23479.10757001015
Honda,Model B,2013,87711,Diesel,Automatic,21630.31304959019
Hyundai,Model B,2001,31385,Hybrid,Automatic,5000.0
Honda,Model B,2010,174230,Electric,Manual,5000.0
Ford,Model E,2018,159091,Diesel,Automatic,11935.275972228093
Ford,Model D,2006,23639,Diesel,Automatic,18731.737915869322
Mercedes,Model B,2005,90530,Diesel,Manual,33457.867952537985
Audi,Model C,2001,26563,Electric,Manual,34020.70727491925
Audi,Model C,2005,175413,Electric,Automatic,18230.862358173457
BMW,Model E,2017,120672,Hybrid,Automatic,15385.680685155616
Ford,Model E,2001,141848,Electric,Manual,12197.670976510726
Hyundai,Model A,2017,172516,Electric,Manual,5000.0
Mercedes,Model A,2014,144783,Petrol,Manual,23168.41067805681
Mercedes,Model A,2018,87970,Hybrid,Manual,38826.818729796905
Honda,Model E,2001,90553,Diesel,Manual,9938.228441093386
Audi,Model E,2019,166779,Electric,Automatic,31050.764339393612
Ford,Model E,2005,175182,Diesel,Automatic,5451.658069087554
BMW,Model C,2000,197860,Diesel,Automatic,13310.188839270464
Ford,Model E,2014,87879,Petrol,Automatic,15253.136187996086
Honda,Model C,2022,174899,Electric,Manual,7014.814440299164
Toyota,Model A,2009,141727,Hybrid,Manual,5000.0
Ford,Model A,2018,49859,Electric,Manual,23613.44952506907
Honda,Model A,2016,189697,Diesel,Automatic,11123.5427068825
Toyota,Model B,2004,57098,Hybrid,Automatic,9485.399029834103
Toyota,Model B,2003,151323,Electric,Automatic,5000.0
BMW,Model D,2009,127413,Diesel,Manual,20221.834189321664
Hyundai,Model D,2016,5526,Diesel,Automatic,5000.0
Audi,Model D,2009,73760,Petrol,Manual,30204.383319426946
Ford,Model B,2016,52837,Petrol,Manual,26002.438539067836
Toyota,Model B,2019,16536,Petrol,Manual,9802.539339789473
Ford,Model D,2004,33541,Diesel,Manual,10393.311633411224
Hyundai,Model D,2001,84083,Electric,Manual,5441.383893550647
Audi,Model E,2005,187099,Petrol,Manual,27909.263172137416
Hyundai,Model D,2020,39531,Electric,Automatic,14282.326918499253
Audi,Model E,2001,13712,Petrol,Manual,24853.14835367052
Mercedes,Model C,2012,109101,Hybrid,Manual,24200.334287919588
Audi,Model B,2010,70455,Hybrid,Automatic,31494.440646540534
BMW,Model D,2010,79744,Petrol,Manual,34723.18020071872
Hyundai,Model B,2015,134749,Diesel,Automatic,9149.34230982338
Toyota,Model B,2010,10109,Petrol,Automatic,13883.155104081434
Mercedes,Model B,2018,54268,Petrol,Automatic,42397.01155383493
BMW,Model C,2014,59615,Diesel,Manual,26963.78998025699
Ford,Model A,2022,87503,Hybrid,Manual,16059.778138699348
Hyundai,Model D,2022,165831,Electric,Automatic,15324.849578388525
Honda,Model A,2015,90708,Petrol,Manual,14593.407615558772
Honda,Model A,2010,196184,Diesel,Manual,5278.866259668284
Toyota,Model A,2021,107471,Petrol,Automatic,9749.61986360875
Audi,Model B,2015,162661,Diesel,Automatic,34884.489659673796
Toyota,Model E,2007,166087,Electric,Manual,8019.163726665551
Honda,Model B,2003,165081,Electric,Automatic,5000.0
Ford,Model B,2007,88309,Hybrid,Automatic,18593.674268409686
Mercedes,Model A,2003,131446,Diesel,Automatic,26439.845808073962
Mercedes,Model B,2002,198118,Diesel,Manual,20184.08253744481
Hyundai,Model A,2002,111661,Hybrid,Manual,5000.0
Mercedes,Model E,2017,162215,Hybrid,Manual,25033.90723455954
Hyundai,Model D,2018,11154,Diesel,Automatic,17800.011902091028
Hyundai,Model A,2018,157876,Hybrid,Manual,5000.0
Hyundai,Model E,2020,177760,Electric,Automatic,5000.0
Honda,Model D,2004,69288,Petrol,Manual,5000.0
Honda,Model C,2017,56195,Electric,Manual,16759.901536045534
Audi,Model A,2009,25581,Hybrid,Automatic,31969.347698640642
BMW,Model A,2021,188720,Diesel,Manual,22430.518934068183
Hyundai,Model C,2020,35087,Diesel,Automatic,10032.761526647118
Hyundai,Model C,2005,186002,Electric,Manual,5000.0
BMW,Model A,2000,169053,Diesel,Manual,16869.19931773287
Toyota,Model C,2004,74298,Hybrid,Automatic,5032.3403414575605
Hyundai,Model B,2008,51167,Electric,Automatic,11523.441607680723
Audi,Model D,2011,179480,Diesel,Automatic,21099.756569378886
Mercedes,Model D,2013,44499,Petrol,Manual,38680.36371385541
Mercedes,Model D,2001,130816,Petrol,Manual,33975.59018658032
Ford,Model B,2016,188341,Hybrid,Manual,15013.779001963916
Ford,Model C,2013,174631,Diesel,Automatic,9706.380908917597
Mercedes,Model E,2012,101347,Hybrid,Automatic,36718.64485177964
Mercedes,Model C,2008,53787,Electric,Automatic,35607.32412734893
Honda,Model A,2014,40488,Petrol,Manual,15515.00092347364
Audi,Model D,2021,79441,Electric,Manual,34399.89473925748
BMW,Model C,2014,27431,Diesel,Automatic,28806.773970573046
Ford,Model E,2010,66681,Hybrid,Manual,16226.416765370876
Honda,Model A,2015,199555,Hybrid,Automatic,5000.0
Honda,Model B,2016,127720,Hybrid,Manual,7034.605865050107
BMW,Model B,2003,54153,Electric,Manual,16349.637230843944
Honda,Model E,2000,11368,Petrol,Automatic,5000.0
Audi,Model A,2007,163496,Electric,Manual,18738.786538897602
Mercedes,Model D,2016,117360,Electric,Manual,37429.312534020646
Hyundai,Model C,2002,181076,Diesel,Automatic,5000.0
BMW,Model A,2019,117755,Diesel,Automatic,30180.32232115548
Mercedes,Model B,2014,61985,Diesel,Manual,37074.31874376281
Mercedes,Model E,2014,55069,Petrol,Automatic,28904.02893280973
Toyota,Model E,2021,57326,Petrol,Manual,19408.57792110845
BMW,Model C,2013,113737,Diesel,Automatic,28867.14322795855
Honda,Model E,2022,159470,Diesel,Manual,8057.186625825732
Hyundai,Model E,2013,55861,Petrol,Manual,12307.907714474957
BMW,Model A,2001,80897,Hybrid,Automatic,16672.658812954003
Honda,Model D,2012,132118,Petrol,Manual,10382.451883741676
Mercedes,Model C,2013,73577,Petrol,Manual,29998.657965225175
Hyundai,Model A,2018,14078,Petrol,Automatic,6830.5677373271155
Honda,Model D,2006,161075,Diesel,Automatic,5000.0
Audi,Model A,2002,67768,Hybrid,Manual,25492.955268625818
Honda,Model A,2014,56047,Petrol,Automatic,13709.251531926979
Toyota,Model E,2022,76626,Diesel,Automatic,10248.547208887205
Mercedes,Model D,2013,62660,Electric,Manual,35867.504689344314
Honda,Model C,2010,185858,Electric,Manual,8553.573762903668
Ford,Model C,2014,137997,Petrol,Automatic,14375.684849387313
Ford,Model D,2012,122832,Electric,Automatic,16270.905152996065
Toyota,Model E,2017,135406,Hybrid,Automatic,7879.123997728834
Audi,Model B,2005,130150,Electric,Manual,31351.0895735808
Mercedes,Model A,2002,162087,Electric,Manual,21514.783317226094
BMW,Model E,2018,38320,Hybrid,Manual,33021.80148543359
Toyota,Model D,2014,69881,Petrol,Manual,17915.40546479981
Audi,Model A,2022,95827,Petrol,Manual,37113.190463744475
BMW,Model C,2004,107215,Hybrid,Manual,19126.628864675848
Ford,Model B,2009,162361,Hybrid,Manual,7240.464766685104
Ford,Model C,2006,139461,Hybrid,Automatic,15707.388255231283
BMW,Model D,2016,161755,Electric,Automatic,18297.375373691633
Toyota,Model A,2006,149701,Hybrid,Manual,5000.0
Ford,Model D,2021,66550,Diesel,Manual,18184.711172541392
Mercedes,Model A,2011,29826,Electric,Manual,44696.968787559985
Hyundai,Model E,2016,105734,Petrol,Automatic,12112.138180204478
Honda,Model B,2012,162702,Petrol,Manual,5000.0
BMW,Model E,2019,182235,Petrol,Automatic,23336.711473075484
BMW,Model E,2003,103511,Electric,Automatic,18752.834279518527
Ford,Model D,2009,16653,Diesel,Automatic,14118.405038832325
Toyota,Model B,2002,164033,Hybrid,Automatic,7192.7977927838965
Mercedes,Model A,2008,86941,Hybrid,Automatic,27294.234353682474
Toyota,Model A,2012,38662,Petrol,Manual,20610.80427867187
Audi,Model C,2017,103818,Petrol,Manual,35950.248450923114
Audi,Model A,2014,192518,Electric,Automatic,33328.40835301849
Hyundai,Model D,2003,157360,Diesel,Manual,5000.0
Ford,Model E,2014,100081,Hybrid,Automatic,15746.246404604455
Ford,Model E,2021,41877,Electric,Automatic,16740.390927376444
Ford,Model E,2001,116562,Hybrid,Manual,5548.587964665983
Hyundai,Model B,2014,151385,Petrol,Manual,8399.024238215756
Audi,Model A,2007,77715,Hybrid,Manual,34594.56530890698
Toyota,Model D,2007,146398,Diesel,Manual,5000.0
Hyundai,Model B,2016,115091,Diesel,Manual,6417.920315073671
Hyundai,Model C,2011,137632,Petrol,Automatic,5361.903898837389
Toyota,Model D,2018,84148,Diesel,Manual,5813.6539890375725
Ford,Model D,2009,88186,Diesel,Manual,16047.446208792004
Mercedes,Model D,2008,162817,Electric,Manual,26739.19834128696
Toyota,Model E,2004,167962,Hybrid,Automatic,5000.0
Audi,Model D,2005,156094,Petrol,Manual,20935.55314044061
BMW,Model A,2019,128629,Petrol,Automatic,23621.85747140163
BMW,Model D,2001,188651,Petrol,Manual,14532.225072597228
Honda,Model E,2012,75316,Petrol,Manual,11656.152107159887
Honda,Model D,2005,33380,Petrol,Automatic,10471.710588606671
Hyundai,Model C,2004,115198,Diesel,Manual,5000.0
BMW,Model C,2000,7356,Electric,Manual,25729.82335391478
Mercedes,Model E,2020,75326,Petrol,Automatic,49001.78634246142
Ford,Model A,2021,97447,Electric,Manual,20827.086164195636
Audi,Model A,2020,119994,Electric,Automatic,39480.89107455565
Honda,Model B,2005,25049,Diesel,Automatic,5296.440374232688
Mercedes,Model E,2005,110361,Petrol,Automatic,32270.75719646885
Audi,Model D,2022,21082,Diesel,Automatic,33459.05840514467
Audi,Model E,2015,5661,Petrol,Automatic,29332.325362340493
Ford,Model B,2003,173484,Diesel,Manual,5000.0
Hyundai,Model E,2010,7920,Electric,Manual,18063.496672067864
BMW,Model E,2022,196387,Petrol,Manual,29430.72914334823
Ford,Model B,2008,84561,Hybrid,Automatic,15486.973610271998
Mercedes,Model A,2022,13946,Electric,Automatic,38139.19720055034
Hyundai,Model D,2002,181572,Hybrid,Automatic,5000.0
Mercedes,Model B,2018,21309,Electric,Automatic,44943.05004450868
Hyundai,Model C,2007,60230,Diesel,Manual,7366.1811478929885
Honda,Model A,2004,116822,Petrol,Manual,5000.0
Mercedes,Model C,2003,166099,Electric,Automatic,24243.460759900638
Ford,Model A,2005,117340,Diesel,Automatic,10312.611179256415
Hyundai,Model D,2001,64321,Petrol,Manual,6465.404547585948
Hyundai,Model D,2019,137028,Petrol,Automatic,5000.0
Audi,Model E,2010,79131,Electric,Automatic,30732.830122600706
Audi,Model C,2003,183980,Petrol,Automatic,22516.243849394763
Toyota,Model A,2014,30963,Electric,Manual,19199.909942581064
Mercedes,Model D,2005,106757,Petrol,Manual,34126.437921187186
Audi,Model B,2021,175515,Hybrid,Automatic,34137.106594044024
Toyota,Model D,2016,104259,Diesel,Manual,6787.347466490328
Honda,Model B,2005,44063,Hybrid,Automatic,5000.0
Honda,Model A,2018,119225,Electric,Automatic,13573.486214692995
Audi,Model D,2001,121400,Hybrid,Manual,27938.159126042803
Mercedes,Model D,2014,85818,Electric,Automatic,45176.37263762215
Hyundai,Model A,2010,9703,Petrol,Automatic,15567.595511488928
BMW,Model D,2007,77099,Petrol,Manual,25291.754114008672
Mercedes,Model B,2018,161921,Electric,Automatic,38302.148241929826
Ford,Model D,2012,167932,Hybrid,Automatic,9322.806266196096
Honda,Model C,2011,36585,Petrol,Automatic,14520.448532231901
Audi,Model E,2004,158087,Diesel,Manual,30440.997629131656
Audi,Model B,2005,48585,Petrol,Automatic,24857.95997104062
Hyundai,Model C,2021,31958,Diesel,Manual,22975.993953549256
Ford,Model A,2003,31017,Hybrid,Automatic,12839.00922753971
Hyundai,Model B,2018,129677,Diesel,Automatic,16143.310545475391
Ford,Model E,2019,181422,Diesel,Automatic,7394.824952512308
BMW,Model E,2000,148273,Diesel,Automatic,19515.871005823246
Honda,Model A,2019,34426,Diesel,Manual,14094.849320261892
Audi,Model A,2016,22778,Petrol,Manual,28284.764040379065
Audi,Model B,2011,181313,Diesel,Automatic,26527.020212054726
BMW,Model D,2014,47229,Petrol,Automatic,34185.90894297985
Toyota,Model A,2000,91652,Diesel,Automatic,5000.0
Honda,Model D,2013,133267,Electric,Automatic,5000.0
Hyundai,Model C,2005,184436,Hybrid,Automatic,5000.0
BMW,Model E,2004,131503,Diesel,Automatic,18987.673356114094
Hyundai,Model D,2010,89878,Electric,Automatic,11747.698137772491
Mercedes,Model E,2003,62056,Diesel,Automatic,37145.172856822435
Audi,Model D,2012,163562,Diesel,Manual,25524.82409363753
Hyundai,Model C,2010,24975,Diesel,Manual,19028.766573971316
Ford,Model A,2002,162795,Electric,Manual,8481.42372267646
Hyundai,Model C,2000,159351,Hybrid,Automatic,5000.0
Mercedes,Model A,2005,147633,Electric,Automatic,22560.513204485862
Honda,Model A,2017,93397,Hybrid,Automatic,14016.852398419162
Audi,Model E,2009,185225,Diesel,Manual,21556.815272944317
BMW,Model C,2004,38142,Petrol,Automatic,29394.42398140735
Mercedes,Model D,2022,31916,Diesel,Manual,44716.61812033427
Audi,Model C,2009,69324,Hybrid,Automatic,24636.954391836913
Hyundai,Model E,2011,181037,Electric,Manual,5000.0
Honda,Model A,2001,130932,Diesel,Manual,7311.055858645266
Toyota,Model E,2012,140720,Electric,Manual,16104.156796939162
Honda,Model B,2007,171205,Electric,Automatic,11877.269837070296
Toyota,Model B,2001,186749,Electric,Manual,5000.0
Ford,Model D,2019,101059,Diesel,Automatic,18747.479973075817
Honda,Model E,2000,103317,Electric,Automatic,9275.710027117248
Audi,Model D,2004,40046,Electric,Automatic,36745.22450353079
Toyota,Model D,2008,183136,Diesel,Automatic,5000.0
BMW,Model B,2016,106459,Electric,Automatic,26429.85336391522
Audi,Model D,2008,50893,Diesel,Manual,25592.506256218796
BMW,Model B,2010,106520,Hybrid,Automatic,26069.76559363062
Honda,Model A,2014,130818,Hybrid,Automatic,18110.210878253936
BMW,Model E,2005,66272,Hybrid,Automatic,20701.528566394627
Toyota,Model D,2022,72649,Electric,Automatic,5916.0281626528085
Audi,Model B,2002,69674,Petrol,Automatic,24955.196274877646
Hyundai,Model C,2016,149832,Petrol,Manual,11575.768660087031
Mercedes,Model D,2004,157999,Electric,Manual,31288.199514749398
Toyota,Model A,2011,91475,Petrol,Automatic,12567.18123905288
Toyota,Model A,2017,66367,Diesel,Manual,11781.6834906276
Hyundai,Model C,2013,148660,Petrol,Manual,5000.0
Audi,Model B,2020,126750,Electric,Automatic,36738.97160812234
Audi,Model D,2010,123154,Electric,Manual,24170.890949826873
Honda,Model B,2008,188305,Diesel,Automatic,16505.233666902277
BMW,Model A,2001,49738,Hybrid,Manual,24365.63604177258
